tourney_id,tourney_name,surface,draw_size,tourney_level,tourney_date,match_num,winner_id,winner_seed,winner_entry,winner_name,winner_hand,winner_ht,winner_ioc,winner_age,loser_id,loser_seed,loser_entry,loser_name,loser_hand,loser_ht,loser_ioc,loser_age,score,best_of,round,minutes,w_ace,w_df,w_svpt,w_1stIn,w_1stWon,w_2ndWon,w_SvGms,w_bpSaved,w_bpFaced,l_ace,l_df,l_svpt,l_1stIn,l_1stWon,l_2ndWon,l_SvGms,l_bpSaved,l_bpFaced,winner_rank,winner_rank_points,loser_rank,loser_rank_points,B365W,B365L
1,Adelaide 1,Hard,32,A,20231231,1,200615,,,Popyrin A.,R,196,AUS,23.4,106331,,,O Connell C.,R,183,AUS,28.5,6-3 6-3,3,R32,135,15,2,85,52,45,16,12,0,0,7,2,97,62,47,15,12,9,9,40,1084,68,780,1.62,2.3
1,Adelaide 1,Hard,32,A,20231231,2,207686,,,Shevchenko A.,R,185,RUS,22.3,209414,,,Van Assche L.,R,178,FRA,19,6-3 6-3,3,R32,34,3,1,27,19,15,3,4,3,3,0,0,21,12,8,3,4,1,3,48,947,90,687,1.62,2.3
1,Adelaide 1,Hard,32,A,20240101,1,126128,,,Safiullin R.,R,185,RUS,25.4,210097,3,,Shelton B.,L,193,USA,20.2,6-3 6-3,3,R32,104,11,0,80,50,44,19,12,4,4,17,1,82,62,51,7,12,2,2,39,1122,17,2145,2.3,1.62
1,Adelaide 1,Hard,32,A,20240101,2,208029,1,,Rune H.,R,185,DEN,19.7,126845,,,Purcell M.,R,185,AUS,24.7,6-3 6-3,3,R32,79,5,4,61,37,31,11,9,5,5,3,3,68,41,26,12,9,6,9,8,3660,45,1012,1.25,4
1,Adelaide 1,Hard,32,A,20240101,3,105777,2,,Dimitrov G.,R,188,BUL,31.6,104918,,,Andy Murray,R,190,GBR,35.6,6-3 6-3,3,R32,63.5,9,1,98,52,43,28,16,1,2,7,2,89,58,48,18,16,1,2,14,2570,42,1050,1.33,3.4
1,Adelaide 1,Hard,32,A,20240102,4,105870,,,Hanfmann Y.,R,193,GER,31.2,200624,5,,Korda S.,R,196,USA,22.4,6-3 6-3,3,R32,53.7,2,1,41,25,18,12,7,1,1,2,1,43,26,15,5,7,4,9,51,914,24,1530,4.5,1.2
1,Adelaide 1,Hard,32,A,20240102,5,127760,,Q,Lukas Klein,R,193,SVK,24.8,202104,6,,Baez S.,R,170,ARG,22,6-3 6-3,3,R32,43.9,20,1,94,60,45,20,15,5,6,7,2,88,59,44,10,15,2,7,170,359,28,1435,2,1.8
1,Adelaide 1,Hard,32,A,20240102,6,105902,,Q,Duckworth J.,R,183,AUS,31.4,200670,,,J J Wolf,R,183,USA,24.1,6-3 6-3,3,R32,34.1,4,1,50,30,27,11,9,1,1,4,1,78,50,30,12,9,6,9,116,573,53,910,2.38,1.57
1,Adelaide 1,Hard,32,A,20240102,7,127157,,,Altmaier D.,R,191,GER,24.4,100000,,Q,Tu L.,R,,CHI,,6-3 6-3,3,R32,135,11,1,77,49,37,18,14,2,4,12,1,79,49,36,16,14,1,4,56,891,225,280,1.57,2.38
1,Adelaide 1,Hard,32,A,20240102,8,207830,,Q,Machac T.,R,183,CZE,22.4,144869,7,,Etcheverry T.,R,196,ARG,23.4,6-3 6-3,3,R32,34,8,0,31,18,17,11,7,0,0,1,1,40,28,12,5,7,4,9,78,722,30,1375,1.36,3.2
1,Adelaide 1,Hard,32,A,20240102,9,111442,,,Jordan Thompson,R,183,AUS,28.7,126846,,,Vukic A.,R,188,AUS,26.7,6-3 6-3,3,R32,104,7,0,91,69,53,9,16,5,8,16,2,95,58,39,21,16,4,8,55,902,62,835,1.57,2.38
1,Adelaide 1,Hard,32,A,20240102,10,106186,,WC,Kubler J.,R,178,AUS,29.6,106234,8,,Karatsev A.,R,185,RUS,29.3,6-3 2-4 RET,3,R32,79,10,1,87,46,32,24,15,7,10,9,3,82,46,35,17,15,5,9,102,631,35,1193,2.75,1.44
1,Adelaide 1,Hard,32,A,20240102,11,208286,,,Arnaldi M.,R,183,ITA,22.1,105916,,,Fucsovics M.,R,188,HUN,30.9,6-3 6-3,3,R32,63.5,12,1,61,39,27,12,9,4,5,2,1,49,33,22,4,8,2,6,44,1021,59,882,1.91,1.91
1,Adelaide 1,Hard,32,A,20240102,12,104745,,WC,Nadal R.,L,185,ESP,36.6,106233,,Q,Thiem D.,R,185,AUT,29.3,6-3 6-3,3,R32,53.7,8,1,86,50,37,21,14,4,5,1,5,86,52,33,16,14,3,7,672,45,98,652,1.62,2.3
1,Adelaide 1,Hard,32,A,20240102,13,208014,,,Rinky Hijikata,U,178,AUS,22,106423,,,Kokkinakis T.,R,196,AUS,26.7,6-3 6-3,3,R32,43.9,12,1,95,72,56,12,15,8,9,11,2,87,55,44,19,15,6,8,71,744,65,802,2.63,1.5
1,Adelaide 1,Hard,32,A,20240103,1,200005,4,,Humbert U.,L,188,FRA,24.5,210506,,Q,Michelsen A.,U,193,USA,18.8,6-3 6-3,3,R32,34.1,2,2,36,20,18,11,7,1,1,2,5,48,26,14,6,7,3,8,20,1765,97,653,1.4,3
1,Adelaide 1,Hard,32,A,20240103,2,105902,,Q,Duckworth J.,R,183,AUS,31.4,105870,,,Hanfmann Y.,R,193,GER,31.1,6-3 6-3,3,R16,135,10,7,72,48,38,9,11,6,8,2,2,64,33,22,16,11,3,7,116,573,51,914,1.91,1.91
1,Adelaide 1,Hard,32,A,20240103,3,208286,,,Arnaldi M.,R,183,ITA,22.1,127760,,Q,Klein L.,R,193,SVK,24.9,6-3 6-3,3,R16,34,2,0,48,33,21,12,7,3,3,4,4,56,31,13,11,7,2,7,44,1021,170,359,1.53,2.5
1,Adelaide 1,Hard,32,A,20240103,4,126128,,,Safiullin R.,R,185,RUS,25.4,200615,,,Popyrin A.,R,196,AUS,23.4,6-3 6-3,3,R16,104,11,0,62,32,25,23,11,1,2,9,3,67,33,26,21,11,1,3,39,1122,40,1084,1.53,2.5
1,Adelaide 1,Hard,32,A,20240103,5,208029,1,,Rune H.,R,185,DEN,19.7,207686,,,Shevchenko A.,R,185,RUS,22.2,6-3 6-3,3,R16,79,3,1,52,31,27,11,9,0,0,0,2,46,34,20,5,8,0,3,8,3660,48,947,1.29,3.75
1,Adelaide 1,Hard,32,A,20240104,1,208014,,,Rinky Hijikata,U,178,AUS,22,207830,,Q,Machac T.,R,183,CZE,22.2,6-3 6-3,3,R16,63.5,18,4,94,58,52,20,16,3,4,15,8,104,62,50,23,15,3,4,71,744,78,722,2.3,1.62
1,Adelaide 1,Hard,32,A,20240104,2,111442,,,Thompson J.,R,183,AUS,28.7,200005,4,,Humbert U.,L,188,FRA,24.5,6-3 2-4 RET,3,R16,53.7,3,1,78,55,44,11,10,5,5,2,2,93,62,41,14,10,8,10,55,902,20,1765,2.5,1.53
1,Adelaide 1,Hard,32,A,20240104,3,105777,2,,Dimitrov G.,R,188,BUL,31.6,127157,,,Altmaier D.,R,191,GER,24.3,6-3 6-3,3,R16,43.9,10,0,63,34,29,19,11,0,0,7,2,59,42,33,8,10,3,4,14,2570,56,891,1.14,5.5
1,Adelaide 1,Hard,32,A,20240104,4,104745,,WC,Nadal R.,L,185,ESP,36.6,106186,,WC,Kubler J.,R,178,AUS,29.6,6-3 6-3,3,R16,34.1,6,1,99,67,48,16,14,6,7,4,2,88,61,41,13,14,4,7,672,45,102,631,1.14,5.5
1,Adelaide 1,Hard,32,A,20240105,1,126128,,,Safiullin R.,R,185,RUS,25.4,208286,,,Arnaldi M.,R,183,ITA,22,6-3 6-3,3,QF,135,8,4,45,27,26,11,9,1,1,3,5,60,48,31,3,8,3,6,39,1122,44,1021,1.36,3.2
1,Adelaide 1,Hard,32,A,20240105,2,208029,1,,Rune H.,R,185,DEN,19.7,105902,,Q,Duckworth J.,R,183,AUS,31.4,6-3 6-3,3,QF,34,9,3,56,30,29,16,11,0,0,10,0,58,30,23,18,11,0,2,8,3660,116,573,1.17,5
1,Adelaide 1,Hard,32,A,20240105,3,105777,2,,Dimitrov G.,R,188,BUL,31.6,208014,,,Rinky Hijikata,U,178,AUS,22,6-3 6-3,3,QF,104,5,3,68,41,32,14,10,2,2,4,1,48,31,24,8,9,1,3,14,2570,71,744,1.13,6
1,Adelaide 1,Hard,32,A,20240105,4,111442,,,Thompson J.,R,183,AUS,28.7,104745,,WC,Nadal R.,L,185,ESP,36.5,6-3 6-3,3,QF,79,4,1,55,36,24,10,8,2,4,6,5,59,37,27,6,7,3,5,55,902,672,45,6,1.13
1,Adelaide 1,Hard,32,A,20240106,1,208029,1,,Rune H.,R,185,DEN,19.7,126128,,,Safiullin R.,R,185,RUS,25.4,6-3 6-3,3,SF,63.5,5,3,67,47,36,8,9,6,7,1,8,56,34,22,8,9,4,8,8,3660,39,1122,1.57,2.38
1,Adelaide 1,Hard,32,A,20240106,2,105777,2,,Dimitrov G.,R,188,BUL,31.6,111442,,,Thompson J.,R,183,AUS,28.7,6-3 6-3,3,SF,53.7,7,2,67,35,23,15,10,6,10,0,2,73,46,24,10,10,1,7,14,2570,55,902,1.22,4.33
1,Adelaide 1,Hard,32,A,20240107,1,105777,2,,Dimitrov G.,R,188,BUL,31.6,208029,1,,Rune H.,R,185,DEN,19.6,6-3 6-3,3,F,43.9,3,6,100,62,39,19,14,8,12,2,4,92,56,34,16,14,7,13,14,2570,8,3660,1.91,1.91
2,Hong Kong Tennis Open,Hard,32,A,20240101,1,209992,,WC,Shang,L,180,CHN,17.9,111513,7,,Djere,R,188,SRB,27.5,6-3 6-3,3,R32,135,15,2,85,52,45,16,12,0,0,7,2,97,62,47,15,12,9,9,183,335,33,1285,2.3,1.62
2,Hong Kong Tennis Open,Hard,32,A,20240101,2,200303,,,Kotov,R,191,RUS,24.1,132686,,,Nuno Borges,R,185,POR,26,6-3 6-3,3,R32,34,3,1,27,19,15,3,4,3,3,0,0,21,12,8,3,4,1,3,67,791,66,799,2,1.8
2,Hong Kong Tennis Open,Hard,32,A,20240101,3,200325,,,Ruusuvuori,R,188,FIN,23.7,126127,,,Benjamin Bonzi,R,185,FRA,27,6-3 6-3,3,R32,104,11,0,80,50,44,19,12,4,4,17,1,82,62,51,7,12,2,2,69,771,73,738,1.62,2.3
2,Hong Kong Tennis Open,Hard,32,A,20240101,4,122298,,,Van De Zandschulp,R,188,NED,27.2,208278,,WC,Mochizuki,R,,JPN,20,6-3 6-3,3,R32,79,5,4,61,37,31,11,9,5,5,3,3,68,41,26,12,9,6,9,50,930,137,457,1.3,3.5
2,Hong Kong Tennis Open,Hard,32,A,20240102,1,200175,,,Kecmanovic,R,183,SRB,23.3,101207,,Q,Daniel,R,170,JPN,28,6-3 6-3,3,R32,63.5,9,1,98,52,43,28,16,1,2,7,2,89,58,48,18,16,1,2,54,905,75,737,1.57,2.38
2,Hong Kong Tennis Open,Hard,32,A,20240102,2,106281,,Q,Broady,L,183,GBR,29.1,106398,,,Cachin,R,185,ARG,27.7,6-3 6-3,3,R32,53.7,2,1,41,25,18,12,7,1,1,2,1,43,26,15,5,7,4,9,108,608,70,763,1.36,3.2
2,Hong Kong Tennis Open,Hard,32,A,20240102,3,124116,,,Sebastian Ofner,R,191,AUT,27.2,111456,,,Mackenzie Mcdonald,R,178,USA,28.2,6-3 6-3,3,R32,43.9,20,1,94,60,45,20,15,5,6,7,2,88,59,44,10,15,2,7,43,1048,41,1055,2.75,1.44
2,Hong Kong Tennis Open,Hard,32,A,20240102,4,105526,5,,Struff,R,193,GER,32.7,105227,,PR,Marin Cilic,R,198,CRO,30.2,6-3 6-3,3,R32,34.1,4,1,50,30,27,11,9,1,1,4,1,78,50,30,12,9,6,9,25,1522,674,45,1.53,2.5
2,Hong Kong Tennis Open,Hard,32,A,20240102,5,105138,,,Bautista Agut,R,183,ESP,34.7,206681,,,Marozsan,R,191,HUN,23.5,6-3 6-3,3,R32,135,11,1,77,49,37,18,14,2,4,12,1,79,49,36,16,14,1,4,57,886,64,805,1.62,2.3
2,Hong Kong Tennis Open,Hard,32,A,20240102,6,144817,,Q,Huesler,L,196,SUI,26.5,126964,,Q,Sachko,R,183,UKR,25.8,6-3 6-3,3,R32,34,8,0,31,18,17,11,7,0,0,1,1,40,28,12,5,7,4,9,194,312,169,360,1.53,2.5
2,Hong Kong Tennis Open,Hard,32,A,20240102,7,209950,8,,Fils,R,185,FRA,18.6,127339,,,Gojo,R,196,CRO,25,6-3 6-3,3,R32,104,7,0,91,69,53,9,16,5,8,16,2,95,58,39,21,16,4,8,36,1158,72,744,1.53,2.5
2,Hong Kong Tennis Open,Hard,32,A,20240102,8,207518,6,,Musetti,R,185,ITA,20.8,212102,,WC,Wong,R,,SIN,,6-3 6-3,3,R32,79,10,1,87,46,32,24,15,7,10,9,3,82,46,35,17,15,5,9,27,1470,253,238,1.2,4.5
2,Hong Kong Tennis Open,Hard,32,A,20240103,1,209992,,WC,Shang,L,180,CHN,17.9,122298,,,Van De Zandschulp,R,188,NED,27.2,6-3 6-3,3,R16,63.5,12,1,61,39,27,12,9,4,5,2,1,49,33,22,4,8,2,6,183,335,50,930,2.3,1.62
2,Hong Kong Tennis Open,Hard,32,A,20240103,2,126207,3,,Tiafoe,R,188,USA,24.9,200175,,,Kecmanovic,R,183,SRB,23.3,6-3 6-3,3,R16,53.7,8,1,86,50,37,21,14,4,5,1,5,86,52,33,16,14,3,7,16,2310,54,905,1.8,2
2,Hong Kong Tennis Open,Hard,32,A,20240103,3,200325,,,Ruusuvuori,R,188,FIN,23.7,111575,2,,Khachanov,R,198,RUS,26.6,6-3 6-3,3,R16,43.9,12,1,95,72,56,12,15,8,9,11,2,87,55,44,19,15,6,8,69,771,15,2520,2.2,1.67
2,Hong Kong Tennis Open,Hard,32,A,20240103,4,200303,,,Kotov,R,191,RUS,24.1,207518,6,,Musetti,R,185,ITA,20.8,6-3 6-3,3,R16,34.1,2,2,36,20,18,11,7,1,1,2,5,48,26,14,6,7,3,8,67,791,27,1470,2.1,1.73
2,Hong Kong Tennis Open,Hard,32,A,20240104,1,124116,,,Sebastian Ofner,R,191,AUT,27.2,105526,5,,Struff,R,193,GER,32.7,6-3 6-3,3,R16,135,10,7,72,48,38,9,11,6,8,2,2,64,33,22,16,11,3,7,43,1048,25,1522,2.2,1.67
2,Hong Kong Tennis Open,Hard,32,A,20240104,2,105138,,,Bautista Agut,R,183,ESP,34.7,207678,4,,Cerundolo,L,183,ARG,21.2,6-3 6-3,3,R16,34,2,0,48,33,21,12,7,3,3,4,4,56,31,13,11,7,2,7,57,886,21,1760,1.4,3
2,Hong Kong Tennis Open,Hard,32,A,20240104,3,209950,8,,Fils,R,185,FRA,18.6,144817,,Q,Huesler,L,196,SUI,26.5,6-3 6-3,3,R16,104,11,0,62,32,25,23,11,1,2,9,3,67,33,26,21,11,1,3,36,1158,194,312,1.4,3
2,Hong Kong Tennis Open,Hard,32,A,20240104,4,126094,1,,Rublev,R,188,RUS,25.2,106281,,Q,Broady,L,183,GBR,29.1,6-3 6-3,3,R16,79,3,1,52,31,27,11,9,0,0,0,2,46,34,20,5,8,0,3,5,4805,108,608,1.08,8
2,Hong Kong Tennis Open,Hard,32,A,20240105,1,200325,,,Ruusuvuori,R,188,FIN,23.7,200303,,,Kotov,R,191,RUS,24.1,6-3 6-3,3,QF,63.5,18,4,94,58,52,20,16,3,4,15,8,104,62,50,23,15,3,4,69,771,67,791,1.57,2.38
2,Hong Kong Tennis Open,Hard,32,A,20240105,2,124116,,,Sebastian Ofner,R,191,AUT,27.2,105138,,,Bautista Agut,R,183,ESP,34.7,6-3 6-3,3,QF,53.7,3,1,78,55,44,11,10,5,5,2,2,93,62,41,14,10,8,10,43,1048,57,886,3.2,1.36
2,Hong Kong Tennis Open,Hard,32,A,20240105,3,209992,,WC,Shang,L,180,CHN,17.9,126207,3,,Tiafoe,R,188,USA,24.9,6-3 6-3,3,QF,43.9,10,0,63,34,29,19,11,0,0,7,2,59,42,33,8,10,3,4,183,335,16,2310,3.75,1.29
2,Hong Kong Tennis Open,Hard,32,A,20240105,4,126094,1,,Rublev,R,188,RUS,25.2,209950,8,,Fils,R,185,FRA,18.6,6-3 6-3,3,QF,34.1,6,1,99,67,48,16,14,6,7,4,2,88,61,41,13,14,4,7,5,4805,36,1158,1.3,3.5
2,Hong Kong Tennis Open,Hard,32,A,20240106,1,200325,,,Ruusuvuori,R,188,FIN,23.7,124116,,,Sebastian Ofner,R,191,AUT,27.2,6-3 6-3,3,SF,135,8,4,45,27,26,11,9,1,1,3,5,60,48,31,3,8,3,6,69,771,43,1048,1.57,2.38
2,Hong Kong Tennis Open,Hard,32,A,20240106,2,126094,1,,Rublev,R,188,RUS,25.2,209992,,WC,Shang,L,180,CHN,18.5,6-3 6-3,3,SF,34,9,3,56,30,29,16,11,0,0,10,0,58,30,23,18,11,0,2,5,4805,183,335,1.14,5.5
2,Hong Kong Tennis Open,Hard,32,A,20240107,1,126094,1,,Rublev,R,188,RUS,25.2,200325,,,Ruusuvuori,R,188,FIN,23.7,6-3 6-3,3,F,104,5,3,68,41,32,14,10,2,2,4,1,48,31,24,8,9,1,3,5,4805,69,771,1.25,4
3,Adelaide 1,Hard,32,A,20240108,1,207733,,,Jack Draper,L,191,GBR,21.4,202104,5,,Baez S.,R,170,ARG,22,6-3 6-3,3,R32,79,4,1,55,36,24,10,8,2,4,6,5,59,37,27,6,7,3,5,62,836,26,1435,1.17,5
3,Adelaide 1,Hard,32,A,20240108,2,207686,,,Shevchenko,R,185,RUS,22.2,144869,,,Tomas Martin Etcheverry,R,196,ARG,23.4,6-3 6-3,3,R32,63.5,5,3,67,47,36,8,9,6,7,1,8,56,34,22,8,9,4,8,48,961,30,1375,1.73,2.1
3,Adelaide 1,Hard,32,A,20240108,3,200175,,,Kecmanovic,R,183,SRB,23.3,111456,,,Mackenzie Mcdonald,R,178,USA,28.2,6-3 6-3,3,R32,53.7,7,2,67,35,23,15,10,6,10,0,2,73,46,24,10,10,1,7,55,910,42,1055,1.5,2.63
3,Adelaide 1,Hard,32,A,20240108,4,105583,,,Lajovic,R,180,SRB,32.5,106423,,WC,Kokkinakis,R,196,AUS,26.7,6-3 6-3,3,R32,43.9,3,6,100,62,39,19,14,8,12,2,4,92,56,34,16,14,7,13,52,914,68,792,2.75,1.44
3,Adelaide 1,Hard,32,A,20240108,5,208286,,,Arnaldi,R,183,ITA,22,126523,,LL,Zapata Miralles,R,185,ESP,25.9,6-3 6-3,3,R32,135,15,2,85,52,45,16,12,0,0,7,2,97,62,47,15,12,9,9,41,1062,77,715,1.13,6
3,Adelaide 1,Hard,32,A,20240109,1,106331,,WC,O Connell,R,183,AUS,28.5,126239,,Q,Arthur Rinderknech,R,196,FRA,27.4,6-3 6-3,3,R32,34,3,1,27,19,15,3,4,3,3,0,0,21,12,8,3,4,1,3,71,780,97,626,2.1,1.73
3,Adelaide 1,Hard,32,A,20240109,2,106109,,Q,Bolt,L,183,AUS,30.5,205734,,LL,Seyboth Wild,R,185,BRA,23.2,6-3 6-3,3,R32,104,11,0,80,50,44,19,12,4,4,17,1,82,62,51,7,12,2,2,325,159,78,714,1.73,2.1
3,Adelaide 1,Hard,32,A,20240109,3,111442,,,Jordan Thompson,R,183,AUS,28.7,207680,,Q,Diaz Acosta,L,183,ARG,22.1,6-3 6-3,3,R32,79,5,4,61,37,31,11,9,5,5,3,3,68,41,26,12,9,6,9,47,982,93,655,1.2,4.5
3,Adelaide 1,Hard,32,A,20240109,4,132283,,,Sonego,R,191,ITA,27.6,105870,,,Hanfmann,R,193,GER,31.1,6-3 6-3,3,R32,63.5,9,1,98,52,43,28,16,1,2,7,2,89,58,48,18,16,1,2,46,990,49,929,1.62,2.3
3,Adelaide 1,Hard,32,A,20240109,5,208103,7,,Lehecka,R,185,CZE,21.1,208834,,Q,Walton,R,,GBR,,6-3 6-3,3,R32,53.7,2,1,41,25,18,12,7,1,1,2,1,43,26,15,5,7,4,9,32,1337,176,348,1.3,3.5
3,Adelaide 1,Hard,32,A,20240109,6,122330,8,,Bublik,R,196,KAZ,25.5,212324,,LL,Mccabe,R,,AUS,,6-3 6-3,3,R32,43.9,20,1,94,60,45,20,15,5,6,7,2,88,59,44,10,15,2,7,31,1369,278,207,1.3,3.5
3,Adelaide 1,Hard,32,A,20240109,7,101584,,,Evans,R,188,USA,30,208014,,WC,Rinky Hijikata,U,178,AUS,22,6-3 6-3,3,R32,34.1,4,1,50,30,27,11,9,1,1,4,1,78,50,30,12,9,6,9,40,1096,70,782,1.8,2
3,Adelaide 1,Hard,32,A,20240110,1,106331,,WC,O Connell,R,183,AUS,28.5,207686,,,Shevchenko,R,185,RUS,22.2,6-3 6-3,3,R16,135,11,1,77,49,37,18,14,2,4,12,1,79,49,36,16,14,1,4,71,780,48,961,2.3,1.62
3,Adelaide 1,Hard,32,A,20240110,2,111797,2,,Jarry,R,198,CHI,27.2,208286,,,Arnaldi,R,183,ITA,22,6-3 6-3,3,R16,34,8,0,31,18,17,11,7,0,0,1,1,40,28,12,5,7,4,9,18,1830,41,1062,1.73,2.1
3,Adelaide 1,Hard,32,A,20240110,3,207733,,,Jack Draper,L,191,GBR,21.4,200175,,,Kecmanovic,R,183,SRB,23.3,6-3 6-3,3,R16,104,7,0,91,69,53,9,16,5,8,16,2,95,58,39,21,16,4,8,62,836,55,910,1.44,2.75
3,Adelaide 1,Hard,32,A,20240110,4,101434,3,,Korda,L,190,USA,23,132283,,,Sonego,R,191,ITA,27.6,6-3 6-3,3,R16,79,10,1,87,46,32,24,15,7,10,9,3,82,46,35,17,15,5,9,29,1380,46,990,1.57,2.38
3,Adelaide 1,Hard,32,A,20240110,5,104652,1,,Paul,L,180,USA,26,106109,,Q,Bolt,L,183,AUS,30.5,6-3 6-3,3,R16,63.5,12,1,61,39,27,12,9,4,5,2,1,49,33,22,4,8,2,6,14,2665,325,159,1.25,4
3,Adelaide 1,Hard,32,A,20240110,6,208103,7,,Lehecka,R,185,CZE,21.1,105583,,,Lajovic,R,180,SRB,32.5,6-3 6-3,3,R16,53.7,8,1,86,50,37,21,14,4,5,1,5,86,52,33,16,14,3,7,32,1337,52,914,1.4,3
3,Adelaide 1,Hard,32,A,20240110,7,122330,8,,Bublik,R,196,KAZ,25.5,101584,,,Evans,R,188,USA,,6-3 6-3,3,R16,43.9,12,1,95,72,56,12,15,8,9,11,2,87,55,44,19,15,6,8,31,1369,40,1096,1.8,2
3,Adelaide 1,Hard,32,A,20240110,8,207518,4,,Musetti,R,185,ITA,20.8,111442,,,Jordan Thompson,R,183,AUS,28.7,6-3 6-3,3,R16,34.1,2,2,36,20,18,11,7,1,1,2,5,48,26,14,6,7,3,8,25,1435,47,982,2.38,1.57
3,Adelaide 1,Hard,32,A,20240111,1,101434,3,,Korda,L,190,USA,23,106331,,WC,O Connell,R,183,AUS,28.5,6-3 6-3,3,QF,135,10,7,72,48,38,9,11,6,8,2,2,64,33,22,16,11,3,7,29,1380,71,780,1.4,3
3,Adelaide 1,Hard,32,A,20240111,2,208103,7,,Lehecka,R,185,CZE,21.1,111797,2,,Jarry,R,198,CHI,27.2,6-3 6-3,3,QF,34,2,0,48,33,21,12,7,3,3,4,4,56,31,13,11,7,2,7,32,1337,18,1830,2,1.8
3,Adelaide 1,Hard,32,A,20240111,3,122330,8,,Bublik,R,196,KAZ,25.5,207518,4,,Musetti,R,185,ITA,20.8,6-3 6-3,3,QF,104,11,0,62,32,25,23,11,1,2,9,3,67,33,26,21,11,1,3,31,1369,25,1435,1.91,1.91
3,Adelaide 1,Hard,32,A,20240111,4,207733,,,Jack Draper,L,191,GBR,21.4,104652,1,,Paul,L,180,USA,,6-3 6-3,3,QF,79,3,1,52,31,27,11,9,0,0,0,2,46,34,20,5,8,0,3,62,836,14,2665,2.2,1.67
3,Adelaide 1,Hard,32,A,20240112,1,208103,7,,Lehecka,R,185,CZE,21.1,101434,3,,Korda,L,190,CZE,,6-3 6-3,3,SF,63.5,18,4,94,58,52,20,16,3,4,15,8,104,62,50,23,15,3,4,32,1337,29,1380,2.5,1.53
3,Adelaide 1,Hard,32,A,20240112,2,207733,,,Jack Draper,L,191,GBR,21.4,122330,8,,Bublik,R,196,KAZ,25.5,6-3 6-3,3,SF,53.7,3,1,78,55,44,11,10,5,5,2,2,93,62,41,14,10,8,10,62,836,31,1369,1.44,2.75
3,Adelaide 1,Hard,32,A,20240113,1,208103,7,,Lehecka,R,185,CZE,21.1,207733,,,Jack Draper,L,191,GBR,21.4,6-3 6-3,3,F,43.9,10,0,63,34,29,19,11,0,0,7,2,59,42,33,8,10,3,4,32,1337,62,836,2.3,1.62
4,Auckland,Hard,32,A,20240107,1,127157,,,Altmaier,R,191,GER,24.3,106218,,,Marcos Giron,R,180,USA,29.5,6-3 6-3,3,R32,34.1,6,1,99,67,48,16,14,6,7,4,2,88,61,41,13,14,4,7,57,906,60,860,2.63,1.5
4,Auckland,Hard,32,A,20240107,2,101207,,,Daniel,R,170,JPN,28,126846,,,Vukic,R,188,AUS,26.7,6-3 6-3,3,R32,135,8,4,45,27,26,11,9,1,1,3,5,60,48,31,3,8,3,6,74,739,63,835,1.73,2.1
4,Auckland,Hard,32,A,20240108,1,209414,,Q,Van Assche L.,R,178,FRA,19,200670,,,J J Wolf,R,183,USA,24.1,6-3 6-3,3,R32,34,9,3,56,30,29,16,11,0,0,10,0,58,30,23,18,11,0,2,87,687,54,910,2.3,1.62
4,Auckland,Hard,32,A,20240108,2,126214,,Q,Tabilo,L,188,CHI,25.6,127339,,,Gojo,R,196,CRO,25,6-3 6-3,3,R32,104,5,3,68,41,32,14,10,2,2,4,1,48,31,24,8,9,1,3,82,707,91,664,2.63,1.5
4,Auckland,Hard,32,A,20240108,3,122298,,,Van De Zandschulp,R,188,NED,27.2,111153,5,,Eubanks,R,201,USA,26.6,6-3 6-3,3,R32,79,4,1,55,36,24,10,8,2,4,6,5,59,37,27,6,7,3,5,59,865,34,1235,1.44,2.75
4,Auckland,Hard,32,A,20240108,4,124186,,Q,Alexandre Muller,R,183,FRA,26.1,130483,,,Bonzi,R,185,FRA,,6-3 6-3,3,R32,63.5,5,3,67,47,36,8,9,6,7,1,8,56,34,22,8,9,4,8,79,711,110,588,2,1.8
4,Auckland,Hard,32,A,20240108,5,132686,,,Nuno Borges,R,185,POR,26,210506,,Q,Michelsen A.,U,193,USA,18.8,6-3 6-3,3,R32,53.7,7,2,67,35,23,15,10,6,10,0,2,73,46,24,10,10,1,7,66,799,92,659,2.75,1.44
4,Auckland,Hard,32,A,20240108,6,206681,,,Marozsan,R,191,HUN,23.5,104792,,,Monfils,R,193,FRA,36.5,6-3 6-3,3,R32,43.9,3,6,100,62,39,19,14,8,12,2,4,92,56,34,16,14,7,13,65,805,75,737,2.5,1.53
4,Auckland,Hard,32,A,20240108,7,106148,,,Carballes Baena,R,183,ESP,29.7,105138,,,Bautista Agut,R,183,ESP,34.7,6-3 6-3,3,R32,135,15,2,85,52,45,16,12,0,0,7,2,97,62,47,15,12,9,9,67,796,51,916,6,1.13
4,Auckland,Hard,32,A,20240109,1,124116,7,,Sebastian Ofner,R,191,AUT,27.2,133430,,WC,Shapovalov,L,185,CAN,23.7,6-3 6-3,3,R32,34,3,1,27,19,15,3,4,3,3,0,0,21,12,8,3,4,1,3,37,1132,116,560,1.8,2
4,Auckland,Hard,32,A,20240109,2,100611,8,,Purcell,R,178,AUS,29,208485,,WC,Pannu,R,,NZL,26,6-3 6-3,3,R32,104,11,0,80,50,44,19,12,4,4,17,1,82,62,51,7,12,2,2,45,1006,716,37,1.04,13
4,Auckland,Hard,32,A,20240109,3,209950,6,,Fils,R,185,FRA,18.6,104755,,WC,Gasquet,R,185,FRA,36.5,6-3 6-3,3,R32,79,5,4,61,37,31,11,9,5,5,3,3,68,41,26,12,9,6,9,35,1208,76,735,1.33,3.4
4,Auckland,Hard,32,A,20240109,4,124186,,Q,Alexandre Muller,R,183,FRA,26.1,207678,3,,Cerundolo,L,183,ARG,21.2,6-3 6-3,3,R16,63.5,9,1,98,52,43,28,16,1,2,7,2,89,58,48,18,16,1,2,79,711,22,1760,2.38,1.57
4,Auckland,Hard,32,A,20240109,5,127157,,,Altmaier,R,191,GER,24.3,200000,4,,Auger-Aliassime,R,193,CAN,22.4,6-3 6-3,3,R16,53.7,2,1,41,25,18,12,7,1,1,2,1,43,26,15,5,7,4,9,57,906,27,1425,3,1.4
4,Auckland,Hard,32,A,20240110,1,101207,,,Daniel,R,170,JPN,31,100611,8,,Purcell,R,178,USA,,6-3 6-3,3,R16,43.9,20,1,94,60,45,20,15,5,6,7,2,88,59,44,10,15,2,7,74,739,45,1006,2.2,1.67
4,Auckland,Hard,32,A,20240110,2,210097,1,,Shelton B.,L,193,USA,20.2,206681,,,Marozsan,R,191,HUN,23.5,6-3 6-3,3,R16,34.1,4,1,50,30,27,11,9,1,1,4,1,78,50,30,12,9,6,9,16,2145,65,805,1.44,2.75
4,Auckland,Hard,32,A,20240110,3,106148,,,Carballes Baena,R,183,ESP,29.7,124116,7,,Sebastian Ofner,R,191,AUT,27.2,6-3 6-3,3,R16,135,11,1,77,49,37,18,14,2,4,12,1,79,49,36,16,14,1,4,67,796,37,1132,3.5,1.3
4,Auckland,Hard,32,A,20240110,4,209950,6,,Fils,R,185,FRA,18.6,132686,,,Nuno Borges,R,185,POR,26,6-3 6-3,3,R16,34,8,0,31,18,17,11,7,0,0,1,1,40,28,12,5,7,4,9,35,1208,66,799,1.25,4
4,Auckland,Hard,32,A,20240110,5,126214,,Q,Tabilo,L,188,CHI,25.6,122298,,,Van De Zandschulp ,R,188,NED,27.2,6-3 6-3,3,R16,104,7,0,91,69,53,9,16,5,8,16,2,95,58,39,21,16,4,8,82,707,59,865,2.75,1.44
4,Auckland,Hard,32,A,20240110,6,111815,2,,Norrie,L,188,GBR,27.3,209414,,Q,Van Assche L.,R,178,FRA,19,6-3 6-3,3,R16,79,10,1,87,46,32,24,15,7,10,9,3,82,46,35,17,15,5,9,19,1810,87,687,1.4,3
4,Auckland,Hard,32,A,20240110,7,101207,,,Daniel,R,170,JPN,31,124186,,Q,Alexandre Muller,R,183,FRA,26.1,6-3 6-3,3,QF,63.5,12,1,61,39,27,12,9,4,5,2,1,49,33,22,4,8,2,6,74,739,79,711,1.91,1.91
4,Auckland,Hard,32,A,20240111,1,210097,3,,Shelton B.,L,193,USA,20.2,106148,,,Carballes Baena,R,183,ESP,29.7,6-3 6-3,3,QF,53.7,8,1,86,50,37,21,14,4,5,1,5,86,52,33,16,14,3,7,16,2145,67,796,1.17,5
4,Auckland,Hard,32,A,20240111,2,126214,,Q,Tabilo,L,188,CHI,25.6,111815,2,,Norrie,L,188,GBR,27.3,6-3 2-4 RET,3,QF,43.9,12,1,95,72,56,12,15,8,9,11,2,87,55,44,19,15,6,8,82,707,19,1810,3.4,1.33
4,Auckland,Hard,32,A,20240111,3,209950,6,,Fils,R,185,FRA,18.6,127157,,,Altmaier,R,191,GER,24.3,6-3 2-4 RET,3,QF,34.1,2,2,36,20,18,11,7,1,1,2,5,48,26,14,6,7,3,8,35,1208,57,906,1.29,3.75
4,Auckland,Hard,32,A,20240112,1,101207,,,Daniel,R,170,JPN,31,210097,3,,Shelton B.,L,193,USA,20.2,6-3 6-3,3,SF,135,10,7,72,48,38,9,11,6,8,2,2,64,33,22,16,11,3,7,74,739,16,2145,4.33,1.22
4,Auckland,Hard,32,A,20240112,2,126214,,Q,Tabilo,L,188,CHI,25.6,209950,6,,Fils,R,185,FRA,18.6,6-3 6-3,3,SF,34,2,0,48,33,21,12,7,3,3,4,4,56,31,13,11,7,2,7,82,707,35,1208,4,1.25
4,Auckland,Hard,32,A,20240113,1,126214,,Q,Tabilo,L,188,CHI,25.6,101207,,,Daniel,R,170,JPN,31,6-3 6-3,3,F,104,11,0,62,32,25,23,11,1,2,9,3,67,33,26,21,11,1,3,82,707,74,739,2.1,1.73
5,Australian Open,Hard,128,G,20240114,1,208286,,,Arnaldi M.,R,183,ITA,22.1,200443,,,Walton,R,,AUS,,6-3 6-3,5,R128,79,3,1,52,31,27,11,9,0,0,0,2,46,34,20,5,8,0,3,41,1077,174,354,1.2,4.5
5,Australian Open,Hard,128,G,20240114,2,144719,,,Jaume Munar,R,183,ESP,25.6,207686,,,Shevchenko,R,185,RUS,22.2,6-3 6-3,5,R128,63.5,18,4,94,58,52,20,16,3,4,15,8,104,62,50,23,15,3,4,82,706,48,975,3.2,1.36
5,Australian Open,Hard,128,G,20240114,3,206173,4,,Sinner J.,R,188,ITA,21.3,122298,,,Van De Zandschulp,R,188,NED,27.2,6-3 6-3,5,R128,53.7,3,1,78,55,44,11,10,5,5,2,2,93,62,41,14,10,8,10,4,6490,59,890,1.06,10
5,Australian Open,Hard,128,G,20240114,4,200303,,,Kotov P.,R,191,RUS,24.2,126239,,,Arthur Rinderknech,R,196,FRA,27.4,6-3 6-3,5,R128,43.9,10,0,63,34,29,19,11,0,0,7,2,59,42,33,8,10,3,4,65,835,94,629,1.62,2.3
5,Australian Open,Hard,128,G,20240114,5,202103,,,Cerundolo F.,R,185,ARG,24.4,208013,,Q,Sweeny,R,170,AUS,22.5,6-3 6-3,5,R128,34.1,6,1,99,67,48,16,14,6,7,4,2,88,61,41,13,14,4,7,21,1760,257,228,1.36,3.2
5,Australian Open,Hard,128,G,20240114,6,206681,22,,Marozsan F.,R,191,HUN,23.5,105227,,,Marin Cilic,R,198,CRO,34.2,6-3 6-3,5,R128,135,8,4,45,27,26,11,9,1,1,3,5,60,48,31,3,8,3,6,67,823,200,200,1.73,2.1
5,Australian Open,Hard,128,G,20240114,7,126094,5,,Rublev A.,R,188,RUS,25.2,205734,,,Seyboth Wild T.,R,185,BRA,23.2,6-3 6-3,5,R128,34,9,3,56,30,29,16,11,0,0,10,0,58,30,23,18,11,0,2,5,5010,77,718,1.03,17
5,Australian Open,Hard,128,G,20240114,8,207830,,,Machac T.,R,183,CZE,22.2,208278,,LL,Mochizuki S.,R,,JPN,20,6-3 6-3,5,R128,104,5,3,68,41,32,14,10,2,2,4,1,48,31,24,8,9,1,3,75,748,136,457,1.25,4
5,Australian Open,Hard,128,G,20240114,9,106331,,,O Connell C.,R,183,AUS,28.7,106426,,,Garin C.,R,185,CHI,26.6,6-3 6-3,5,R128,79,4,1,55,36,24,10,8,2,4,6,5,59,37,27,6,7,3,5,68,814,86,680,1.44,2.75
5,Australian Open,Hard,128,G,20240114,10,207411,,Q,De Jong J.,R,,NED,23.1,106398,,,Cachin P.,R,185,ARG,27.7,6-3 6-3,5,R128,63.5,5,3,67,47,36,8,9,6,7,1,8,56,34,22,8,9,4,8,161,393,74,763,1.36,3.2
5,Australian Open,Hard,128,G,20240114,11,202104,26,,Baez S.,R,170,ARG,22.1,200670,,,J J Wolf,R,183,USA,24.1,6-3 2-4 RET,5,R128,53.7,7,2,67,35,23,15,10,6,10,0,2,73,46,24,10,10,1,7,29,1435,57,900,2.38,1.57
5,Australian Open,Hard,128,G,20240114,12,126203,12,,Fritz T.,R,196,USA,26,207680,,,Diaz Acosta F.,L,183,ARG,22.1,6-3 6-3,5,R128,43.9,3,6,100,62,39,19,14,8,12,2,4,92,56,34,16,14,7,13,12,2840,90,661,1.03,15
5,Australian Open,Hard,128,G,20240114,13,123755,,,Daniel Elahi Galan,R,191,COL,27.6,106186,,WC,Kubler J.,R,178,AUS,29.6,6-3 6-3,5,R128,104,14,4,110,72,57,17,16,1,4,9,1,104,63,51,21,17,3,5,87,676,113,561,2.5,1.53
5,Australian Open,Hard,128,G,20240114,14,111460,,,Halys Q.,R,191,FRA,26.1,144750,,,Harris L.,R,193,RSA,25.8,6-3 6-3,5,R128,79,2,1,64,43,30,11,9,0,0,1,3,57,37,22,10,9,4,7,110,575,167,371,3.2,1.36
5,Australian Open,Hard,128,G,20240114,15,104925,1,,Djokovic N.,R,188,SRB,35.6,209976,,Q,Prizmic D.,U,,CRO,17.6,6-3 6-3,5,R128,63.5,6,0,44,30,23,7,7,2,3,2,2,56,37,16,5,6,4,10,1,11055,187,321,1.01,34
5,Australian Open,Hard,128,G,20240114,16,126207,17,,Frances Tiafoe,R,188,USA,25.5,106432,,,Coric B.,R,188,CRO,26.1,6-3 6-3,5,R128,53.7,4,2,81,51,37,12,11,8,10,2,1,70,50,31,8,11,5,9,17,2100,40,1100,1.53,2.5
5,Australian Open,Hard,128,G,20240115,1,101434,29,,Korda,L,190,USA,23,200240,,Q,Kopriva,R,178,CZE,,6-3 6-3,5,R128,135,15,2,85,52,45,16,12,0,0,7,2,97,62,47,15,12,9,9,26,1480,132,498,1.08,8
5,Australian Open,Hard,128,G,20240115,2,200325,,,Ruusuvuori,R,188,FIN,23.7,200516,,WC,Kypson,R,188,USA,23.5,6-3 6-3,5,R128,34,3,1,27,19,15,3,4,3,3,0,0,21,12,8,3,4,1,3,53,921,183,330,1.1,7
5,Australian Open,Hard,128,G,20240115,3,207518,25,,Musetti,R,185,ITA,20.8,130483,,,Bonzi,R,,ITA,,6-3 6-3,5,R128,104,11,0,80,50,44,19,12,4,4,17,1,82,62,51,7,12,2,2,28,1440,106,588,1.36,3.2
5,Australian Open,Hard,128,G,20240115,4,102944,,Q,Cobolli,R,175,ITA,21,111797,18,,Jarry,R,198,CHI,27.2,6-3 6-3,5,R128,79,5,4,61,37,31,11,9,5,5,3,3,68,41,26,12,9,6,9,100,617,18,1870,4.5,1.2
5,Australian Open,Hard,128,G,20240115,5,110726,,LL,Gaston,U,,FRA,27,106148,,,Carballes Baena,R,183,ESP,29.7,6-3 6-3,5,R128,63.5,9,1,98,52,43,28,16,1,2,7,2,89,58,48,18,16,1,2,97,626,63,846,2.2,1.67
5,Australian Open,Hard,128,G,20240115,6,102446,3,,Medvedev,R,193,RUS,27,209279,,,Atmane,L,,FRA,21.6,6-3 2-4 RET,5,R128,53.7,2,1,41,25,18,12,7,1,1,2,1,43,26,15,5,7,4,9,3,7555,144,429,1.01,23
5,Australian Open,Hard,128,G,20240115,7,210097,16,,Shelton B.,L,193,USA,20.2,105138,,,Bautista Agut,R,183,ESP,34.7,6-3 6-3,5,R128,43.9,20,1,94,60,45,20,15,5,6,7,2,88,59,44,10,15,2,7,16,2225,72,776,1.33,3.4
5,Australian Open,Hard,128,G,20240115,8,200221,23,,Davidovich Fokina,R,183,ESP,24,106005,,,Lestienne,R,180,FRA,30.6,6-3 6-3,5,R128,34.1,4,1,50,30,27,11,9,1,1,4,1,78,50,30,12,9,6,9,24,1530,99,619,1.17,5
5,Australian Open,Hard,128,G,20240115,9,200615,,,Popyrin,R,196,AUS,23.4,207435,,WC,Polmans,R,,AUS,,6-3 6-3,5,R128,135,11,1,77,49,37,18,14,2,4,12,1,79,49,36,16,14,1,4,43,1052,154,406,1.17,5
5,Australian Open,Hard,128,G,20240115,10,105173,20,,Mannarino,R,183,FRA,34.5,107408,,,Wawrinka,R,,SUI,,6-3 6-3,5,R128,34,8,0,31,18,17,11,7,0,0,1,1,40,28,12,5,7,4,9,19,1765,56,907,1.4,3
5,Australian Open,Hard,128,G,20240115,11,209414,,,Van Assche L.,R,178,FRA,19,105902,,WC,Duckworth,R,183,AUS,31.4,6-3 6-3,5,R128,104,7,0,91,69,53,9,16,5,8,16,2,95,58,39,21,16,4,8,79,715,95,628,1.73,2.1
5,Australian Open,Hard,128,G,20240115,12,126774,7,,Tsitsipas,R,193,GRE,24.4,200267,,LL,Bergs,R,185,BEL,23.5,6-3 6-3,5,R128,79,10,1,87,46,32,24,15,7,10,9,3,82,46,35,17,15,5,9,7,4025,129,508,1.1,7
5,Australian Open,Hard,128,G,20240115,13,210084,,Q,Mensik,U,,CZE,18,133430,,,Shapovalov ,L,185,CAN,23.7,6-3 6-3,5,R128,63.5,12,1,61,39,27,12,9,4,5,2,1,49,33,22,4,8,2,6,142,433,114,560,1.62,2.3
5,Australian Open,Hard,128,G,20240115,14,111575,15,,Khachanov,R,198,RUS,26.6,127157,,,Altmaier,R,191,GER,24.3,6-3 6-3,5,R128,53.7,8,1,86,50,37,21,14,4,5,1,5,86,52,33,16,14,3,7,15,2430,50,946,1.22,4.33
5,Australian Open,Hard,128,G,20240115,15,111442,,,Jordan Thompson,R,183,AUS,28.7,126846,,,Vukic,R,188,AUS,26.7,6-3 6-3,5,R128,43.9,12,1,95,72,56,12,15,8,9,11,2,87,55,44,19,15,6,8,47,982,64,835,1.4,3
5,Australian Open,Hard,128,G,20240115,16,109655,,Q,Kovacevic,R,,AUS,25,126214,,,Tabilo,L,188,CHI,25.6,6-3 6-3,5,R128,34.1,2,2,36,20,18,11,7,1,1,2,5,48,26,14,6,7,3,8,101,611,49,970,2.2,1.67
5,Australian Open,Hard,128,G,20240115,17,111190,,,Zhizhen Zhang,R,193,CHN,26.3,105948,,,Federico Coria,R,180,ARG,30.8,6-3 6-3,5,R128,135,10,7,72,48,38,9,11,6,8,2,2,64,33,22,16,11,3,7,54,911,84,694,1.05,11
5,Australian Open,Hard,128,G,20240115,18,111153,,,Eubanks,R,201,USA,26.6,101207,,,Daniel,R,188,ISR,,6-3 6-3,5,R128,34,2,0,48,33,21,12,7,3,3,4,4,56,31,13,11,7,2,7,35,1215,58,893,2.2,1.67
5,Australian Open,Hard,128,G,20240115,19,144869,30,,Tomas Martin Etcheverry,R,196,ARG,23.4,104918,,,Andy Murray,R,190,GBR,35.6,6-3 6-3,5,R128,104,11,0,62,32,25,23,11,1,2,9,3,67,33,26,21,11,1,3,32,1375,44,1050,2.2,1.67
5,Australian Open,Hard,128,G,20240115,20,104792,,,Monfils,R,193,FRA,36.5,105870,,,Hanfmann,R,193,GER,31.1,6-3 6-3,5,R128,79,3,1,52,31,27,11,9,0,0,0,2,46,34,20,5,8,0,3,76,737,52,929,1.53,2.5
5,Australian Open,Hard,128,G,20240115,21,200005,21,,Humbert,L,188,FRA,24.5,105676,,Q,Goffin,R,180,BEL,32,6-3 6-3,5,R128,63.5,18,4,94,58,52,20,16,3,4,15,8,104,62,50,23,15,3,4,20,1765,112,570,1.36,3.2
5,Australian Open,Hard,128,G,20240115,22,132686,,,Nuno Borges,R,185,POR,26,109739,,,Marterer,L,191,GER,27.5,6-3 6-3,5,R128,53.7,3,1,78,55,44,11,10,5,5,2,2,93,62,41,14,10,8,10,69,814,96,626,2,1.8
5,Australian Open,Hard,128,G,20240115,23,126409,,Q,Hugo Grenier,R,196,FRA,27.1,124186,,,Alexandre Muller,R,183,FRA,26.1,6-3 6-3,5,R128,43.9,10,0,63,34,29,19,11,0,0,7,2,59,42,33,8,10,3,4,178,340,73,774,3.2,1.36
5,Australian Open,Hard,128,G,20240115,24,200282,10,,De Minaur,R,183,AUS,23.8,105683,,,Raonic,R,196,CAN,32.4,6-3 2-4 RET,5,R128,34.1,6,1,99,67,48,16,14,6,7,4,2,88,61,41,13,14,4,7,10,2950,319,165,1.11,6.5
5,Australian Open,Hard,128,G,20240115,25,128034,9,,Hurkacz,R,196,POL,25.8,211352,,Q,Jasika,R,,AUS,,6-3 6-3,5,R128,135,8,4,45,27,26,11,9,1,1,3,5,60,48,31,3,8,3,6,9,3320,343,148,1.02,19
5,Australian Open,Hard,128,G,20240115,26,200175,,,Kecmanovic,R,183,SRB,23.3,133297,,,Watanuki,R,180,JPN,24.7,6-3 6-3,5,R128,34,9,3,56,30,29,16,11,0,0,10,0,58,30,23,18,11,0,2,60,890,102,610,1.3,3.5
5,Australian Open,Hard,128,G,20240115,27,200000,27,,Auger-Aliassime,R,193,CAN,22.4,106233,,,Thiem D.,R,185,AUT,29.3,6-3 6-3,5,R128,104,5,3,68,41,32,14,10,2,2,4,1,48,31,24,8,9,1,3,30,1425,92,654,1.44,2.75
5,Australian Open,Hard,128,G,20240115,28,105526,24,,Struff,R,193,GER,32.7,208014,,,Rinky Hijikata,U,178,AUS,22,6-3 6-3,5,R128,79,4,1,55,36,24,10,8,2,4,6,5,59,37,27,6,7,3,5,25,1511,71,782,1.62,2.3
5,Australian Open,Hard,128,G,20240116,1,210506,,,Michelsen A.,U,193,USA,18.8,212324,,WC,Mccabe,R,,USA,,6-3 6-3,5,R128,63.5,5,3,67,47,36,8,9,6,7,1,8,56,34,22,8,9,4,8,91,656,269,214,1.17,5
5,Australian Open,Hard,128,G,20240116,2,208103,32,,Lehecka,R,185,CZE,21.1,126523,,,Zapata Miralles,R,185,ESP,25.9,6-3 6-3,5,R128,53.7,7,2,67,35,23,15,10,6,10,0,2,73,46,24,10,10,1,7,23,1555,78,715,1.07,9
5,Australian Open,Hard,128,G,20240116,3,111815,19,,Norrie,L,188,GBR,27.3,122669,,,Varillas J.,R,185,PER,27.2,6-3 6-3,5,R128,43.9,3,6,100,62,39,19,14,8,12,2,4,92,56,34,16,14,7,13,22,1710,81,709,1.1,7
5,Australian Open,Hard,128,G,20240116,4,209070,,WC,Cazaux,R,183,FRA,20.7,111513,,,Djere,R,188,SRB,27.5,6-3 6-3,5,R128,135,15,2,85,52,45,16,12,0,0,7,2,97,62,47,15,12,9,9,122,529,33,1250,2.1,1.73
5,Australian Open,Hard,128,G,20240116,5,209950,,,Fils,R,185,FRA,18.6,140402,,,Vesely,R,,CZE,,6-3 6-3,5,R128,34,3,1,27,19,15,3,4,3,3,0,0,21,12,8,3,4,1,3,34,1233,293,188,1.08,8
5,Australian Open,Hard,128,G,20240116,6,134868,28,,Tallon Griekspoor,R,188,NED,27,126128,,,Safiullin,R,185,RUS,25.4,6-3 6-3,5,R128,104,11,0,80,50,44,19,12,4,4,17,1,82,62,51,7,12,2,2,31,1410,36,1190,2.63,1.5
5,Australian Open,Hard,128,G,20240116,7,206748,,Q,Zeppieri,L,185,ITA,21.3,105583,,,Lajovic,R,180,SRB,32.5,6-3 6-3,5,R128,79,5,4,61,37,31,11,9,5,5,3,3,68,41,26,12,9,6,9,133,487,51,939,2,1.8
5,Australian Open,Hard,128,G,20240116,8,102104,11,,Ruud,R,188,NOR,25,105077,,,Ramos-Vinolas,L,188,ESP,34.9,6-3 6-3,5,R128,63.5,9,1,98,52,43,28,16,1,2,7,2,89,58,48,18,16,1,2,11,2910,85,688,1.02,19
5,Australian Open,Hard,128,G,20240116,9,105777,13,,Dimitrov,R,188,BUL,31.6,105916,,,Fucsovics,R,188,HUN,30.9,6-3 6-3,5,R128,53.7,2,1,41,25,18,12,7,1,1,2,1,43,26,15,5,7,4,9,13,2775,70,782,1.17,5
5,Australian Open,Hard,128,G,20240116,10,100611,,,Purcell,R,178,AUS,29,200218,,Q,Valkusz,R,183,HUN,25.2,6-3 6-3,5,R128,43.9,20,1,94,60,45,20,15,5,6,7,2,88,59,44,10,15,2,7,45,1021,214,291,1.29,3.75
5,Australian Open,Hard,128,G,20240116,11,127760,,,Lukas Klein,R,193,SVK,24.8,144191,,,Kwon,R,,KOR,,6-3 6-3,5,R128,34.1,4,1,50,30,27,11,9,1,1,4,1,78,50,30,12,9,6,9,163,391,697,40,1.33,3.4
5,Australian Open,Hard,128,G,20240116,12,207733,,,Jack Draper,L,191,GBR,21.4,106218,,,Marcos Giron,R,180,USA,29.5,6-3 6-3,5,R128,135,11,1,77,49,37,18,14,2,4,12,1,79,49,36,16,14,1,4,55,911,66,825,1.25,4
5,Australian Open,Hard,128,G,20240116,13,208029,8,,Rune,R,185,DEN,19.6,208506,,,Nishioka,R,,JPN,,6-3 6-3,5,R128,34,8,0,31,18,17,11,7,0,0,1,1,40,28,12,5,7,4,9,8,3815,61,865,1.11,6.5
5,Australian Open,Hard,128,G,20240116,14,111576,,Q,Nagal,R,178,IND,25.3,122330,31,,Bublik,R,196,KAZ,25.5,6-3 6-3,5,R128,104,7,0,91,69,53,9,16,5,8,16,2,95,58,39,21,16,4,8,137,450,27,1459,5,1.17
5,Australian Open,Hard,128,G,20240116,15,209992,,WC,Shang,L,180,CHN,18.5,111456,,,Mackenzie Mcdonald,R,178,USA,28.2,6-3 6-3,5,R128,79,10,1,87,46,32,24,15,7,10,9,3,82,46,35,17,15,5,9,140,435,42,1055,1.67,2.2
5,Australian Open,Hard,128,G,20240116,16,104652,14,,Paul,R,180,USA,26,211640,,,Barrere,R,,FRA,,6-3 6-3,5,R128,63.5,12,1,61,39,27,12,9,4,5,2,1,49,33,22,4,8,2,6,14,2670,83,696,1.11,6.5
5,Australian Open,Hard,128,G,20240116,17,106423,,,Kokkinakis,R,196,AUS,26.7,124116,,,Sebastian Ofner,R,191,AUT,27.2,6-3 6-3,5,R128,53.7,8,1,86,50,37,21,14,4,5,1,5,86,52,33,16,14,3,7,80,711,37,1141,2,1.8
5,Australian Open,Hard,128,G,20240116,18,132283,,,Sonego,R,191,ITA,27.6,101584,,,Evans,R,188,USA,,6-3 6-3,5,R128,43.9,12,1,95,72,56,12,15,8,9,11,2,87,55,44,19,15,6,8,46,1005,38,1121,1.8,2
5,Australian Open,Hard,128,G,20240116,19,100644,6,,Zverev,R,198,GER,25.7,136440,,,Koepfer ,L,180,GER,29.1,6-3 6-3,5,R128,34.1,2,2,36,20,18,11,7,1,1,2,5,48,26,14,6,7,3,8,6,4275,62,858,1.06,10
5,Australian Open,Hard,128,G,20240116,20,207989,2,,Carlos Alcaraz,R,185,ESP,20.1,104755,,,Gasquet,R,185,FRA,36.5,6-3 6-3,5,R128,135,10,7,72,48,38,9,11,6,8,2,2,64,33,22,16,11,3,7,2,8855,131,500,1.02,19
5,Australian Open,Hard,128,G,20240117,1,101441,4,,Sinner,R,188,ITA,21.3,208689,,,De Jong,R,,NED,,6-3 6-3,5,R64,34,2,0,48,33,21,12,7,3,3,4,4,56,31,13,11,7,2,7,4,6490,161,393,1.02,21
5,Australian Open,Hard,128,G,20240117,2,200282,10,,De Minaur,R,183,AUS,23.8,208286,,,Arnaldi,R,183,ITA,22,6-3 6-3,5,R64,104,11,0,62,32,25,23,11,1,2,9,3,67,33,26,21,11,1,3,10,2950,41,1077,1.17,5
5,Australian Open,Hard,128,G,20240117,3,202104,26,,Baez S.,R,170,ARG,22,123755,,,Daniel Elahi Galan,R,191,COL,27.6,6-3 6-3,5,R64,79,3,1,52,31,27,11,9,0,0,0,2,46,34,20,5,8,0,3,29,1435,87,676,1.4,3
5,Australian Open,Hard,128,G,20240117,4,102944,,Q,Cobolli,R,175,ITA,21,200303,,,Kotov,R,191,RUS,24.1,6-3 6-3,5,R64,63.5,18,4,94,58,52,20,16,3,4,15,8,104,62,50,23,15,3,4,100,617,65,835,2.5,1.53
5,Australian Open,Hard,128,G,20240117,5,209414,,,Van Assche L.,R,178,FRA,19,207518,25,,Musetti,R,185,ITA,20.8,6-3 6-3,5,R64,53.7,3,1,78,55,44,11,10,5,5,2,2,93,62,41,14,10,8,10,79,715,28,1440,2.75,1.44
5,Australian Open,Hard,128,G,20240117,6,111575,15,,Khachanov,R,198,RUS,26.6,109655,,Q,Kovacevic,R,,AUS,,6-3 6-3,5,R64,43.9,10,0,63,34,29,19,11,0,0,7,2,59,42,33,8,10,3,4,15,2430,101,611,1.14,5.5
5,Australian Open,Hard,128,G,20240117,7,100230,,,Fritz,R,196,USA,26,110726,,LL,Gaston,R,,USA,,6-3 6-3,5,R64,34.1,6,1,99,67,48,16,14,6,7,4,2,88,61,41,13,14,4,7,12,2840,97,626,1.11,6.5
5,Australian Open,Hard,128,G,20240117,8,206681,,,Marozsan,R,191,HUN,23.5,202103,,,Cerundolo F.,R,185,ARG,22,6-3 6-3,5,R64,135,8,4,45,27,26,11,9,1,1,3,5,60,48,31,3,8,3,6,67,823,21,1760,1.57,2.38
5,Australian Open,Hard,128,G,20240117,9,210097,16,,Shelton B.,L,193,USA,20.2,106331,,,O Connell,R,183,AUS,28.5,6-3 6-3,5,R64,34,9,3,56,30,29,16,11,0,0,10,0,58,30,23,18,11,0,2,16,2225,68,814,1.25,4
5,Australian Open,Hard,128,G,20240117,10,105173,20,,Mannarino,L,183,FRA,34.5,144719,,,Jaume Munar,R,183,ESP,25.6,6-3 6-3,5,R64,104,5,3,68,41,32,14,10,2,2,4,1,48,31,24,8,9,1,3,19,1765,82,706,1.33,3.4
5,Australian Open,Hard,128,G,20240117,11,207830,,,Machac,R,183,CZE,22.2,126207,17,,Frances Tiafoe,R,188,USA,25.5,6-3 6-3,5,R64,79,4,1,55,36,24,10,8,2,4,6,5,59,37,27,6,7,3,5,75,748,17,2100,2.75,1.44
5,Australian Open,Hard,128,G,20240117,12,144869,30,,Tomas Martin Etcheverry,R,196,ARG,23.4,104792,,,Monfils,R,193,FRA,36.5,6-3 6-3,5,R64,63.5,5,3,67,47,36,8,9,6,7,1,8,56,34,22,8,9,4,8,32,1375,76,737,2.38,1.57
5,Australian Open,Hard,128,G,20240117,13,126774,7,,Tsitsipas,R,193,GRE,24.4,111442,,,Jordan Thompson,R,183,AUS,28.7,6-3 6-3,5,R64,53.7,7,2,67,35,23,15,10,6,10,0,2,73,46,24,10,10,1,7,7,4025,47,982,1.2,4.5
5,Australian Open,Hard,128,G,20240117,14,101434,29,,Korda,R,190,USA,23,111460,,,Halys,R,191,FRA,26.1,6-3 6-3,5,R64,43.9,3,6,100,62,39,19,14,8,12,2,4,92,56,34,16,14,7,13,26,1480,110,575,1.25,4
5,Australian Open,Hard,128,G,20240117,15,126094,,,Rublev,R,188,RUS,25.2,111153,,,Eubanks,R,201,USA,26.6,6-3 6-3,5,R64,135,15,2,85,52,45,16,12,0,0,7,2,97,62,47,15,12,9,9,5,5010,35,1215,1.07,9
5,Australian Open,Hard,128,G,20240117,16,104925,1,,Djokovic,R,188,SRB,35.7,200615,,,Popyrin,R,196,AUS,23.4,6-3 6-3,5,R64,34,3,1,27,19,15,3,4,3,3,0,0,21,12,8,3,4,1,3,1,11055,43,1052,1.02,19
5,Australian Open,Hard,128,G,20240118,1,111815,19,,Norrie,L,188,GBR,27.3,206748,,Q,Zeppieri,L,185,ITA,21.3,6-3 6-3,5,R64,104,11,0,80,50,44,19,12,4,4,17,1,82,62,51,7,12,2,2,22,1710,133,487,1.3,3.5
5,Australian Open,Hard,128,G,20240118,2,210506,,,Michelsen A.,U,193,USA,18.8,208103,32,,Lehecka,R,185,CZE,21.1,6-3 6-3,5,R64,79,5,4,61,37,31,11,9,5,5,3,3,68,41,26,12,9,6,9,91,656,23,1555,4.33,1.22
5,Australian Open,Hard,128,G,20240118,3,100644,6,,Zverev,R,198,GER,25.7,127760,,Q,Lukas Klein,R,193,SVK,24.8,6-3 6-3,5,R64,63.5,9,1,98,52,43,28,16,1,2,7,2,89,58,48,18,16,1,2,6,4275,163,391,1.06,10
5,Australian Open,Hard,128,G,20240118,4,102104,11,,Ruud,R,188,NOR,25,100611,,,Purcell,R,178,USA,,6-3 6-3,5,R64,53.7,2,1,41,25,18,12,7,1,1,2,1,43,26,15,5,7,4,9,11,2910,45,1021,1.17,5
5,Australian Open,Hard,128,G,20240118,5,104652,14,,Paul,L,180,USA,26,207733,,,Jack Draper,L,191,GBR,21.4,6-3 6-3,5,R64,43.9,20,1,94,60,45,20,15,5,6,7,2,88,59,44,10,15,2,7,14,2670,55,911,1.91,1.91
5,Australian Open,Hard,128,G,20240118,6,200175,,,Kecmanovic,R,183,SRB,23.3,105526,24,,Struff,R,193,GER,32.7,6-3 6-3,5,R64,34.1,4,1,50,30,27,11,9,1,1,4,1,78,50,30,12,9,6,9,60,890,25,1511,1.5,2.63
5,Australian Open,Hard,128,G,20240118,7,207989,2,,Carlos Alcaraz,R,185,ESP,20.1,132283,,,Sonego,R,191,ITA,27.6,6-3 6-3,5,R64,135,11,1,77,49,37,18,14,2,4,12,1,79,49,36,16,14,1,4,2,8855,46,1005,1.04,13
5,Australian Open,Hard,128,G,20240118,8,132686,,,Nuno Borges,R,185,POR,26.3,200221,23,,Davidovich Fokina,R,183,ESP,24,6-3 6-3,5,R64,34,8,0,31,18,17,11,7,0,0,1,1,40,28,12,5,7,4,9,69,814,24,1530,4.5,1.2
5,Australian Open,Hard,128,G,20240118,9,209992,,WC,Shang,L,180,CHN,18.5,111576,,Q,Nagal,R,178,IND,25.3,6-3 6-3,5,R64,104,7,0,91,69,53,9,16,5,8,16,2,95,58,39,21,16,4,8,140,435,137,450,1.4,3
5,Australian Open,Hard,128,G,20240118,10,134868,28,,Tallon Griekspoor,R,188,NED,27,209950,,,Fils,R,185,FRA,18.6,6-3 6-3,5,R64,79,10,1,87,46,32,24,15,7,10,9,3,82,46,35,17,15,5,9,31,1410,34,1233,2.38,1.57
5,Australian Open,Hard,128,G,20240118,11,200005,21,,Humbert,L,188,FRA,24.5,111190,,,Zhizhen Zhang,R,193,CHN,26.3,6-3 6-3,5,R64,63.5,12,1,61,39,27,12,9,4,5,2,1,49,33,22,4,8,2,6,20,1765,54,911,1.4,3
5,Australian Open,Hard,128,G,20240118,12,105777,13,,Dimitrov,R,188,BUL,31.6,106423,,,Kokkinakis,R,196,AUS,26.7,6-3 6-3,5,R64,53.7,8,1,86,50,37,21,14,4,5,1,5,86,52,33,16,14,3,7,13,2775,80,711,1.13,6
5,Australian Open,Hard,128,G,20240118,13,209070,,WC,Cazaux,R,183,FRA,20.7,208029,8,,Rune,R,185,DEN,19.6,6-3 6-3,5,R64,43.9,12,1,95,72,56,12,15,8,9,11,2,87,55,44,19,15,6,8,122,529,8,3815,5.5,1.14
5,Australian Open,Hard,128,G,20240118,14,200000,27,,Auger-Aliassime,R,193,CAN,22.4,126409,,Q,Hugo Grenier,R,196,FRA,27.1,6-3 6-3,5,R64,34.1,2,2,36,20,18,11,7,1,1,2,5,48,26,14,6,7,3,8,30,1425,178,340,1.13,6
5,Australian Open,Hard,128,G,20240118,15,128034,9,,Hurkacz,R,196,POL,25.8,210084,,Q,Mensik,R,,CZE,,6-3 6-3,5,R64,135,10,7,72,48,38,9,11,6,8,2,2,64,33,22,16,11,3,7,9,3320,142,433,1.25,4
5,Australian Open,Hard,128,G,20240118,16,102446,3,,Medvedev,R,193,RUS,27,200325,,,Ruusuvuori,R,188,FIN,23.7,6-3 6-3,5,R64,34,2,0,48,33,21,12,7,3,3,4,4,56,31,13,11,7,2,7,3,7555,53,921,1.1,7
5,Australian Open,Hard,128,G,20240119,1,111575,15,,Khachanov,R,198,RUS,26.6,207830,,,Machac,R,183,CZE,22.2,6-3 6-3,5,R32,104,11,0,62,32,25,23,11,1,2,9,3,67,33,26,21,11,1,3,15,2430,75,748,1.62,2.3
5,Australian Open,Hard,128,G,20240119,2,101441,4,,Sinner,R,188,ITA,21.3,202104,26,,Baez S.,R,170,ARG,22,6-3 6-3,5,R32,79,3,1,52,31,27,11,9,0,0,0,2,46,34,20,5,8,0,3,4,6490,29,1435,1.03,17
5,Australian Open,Hard,128,G,20240119,3,100230,,,Fritz,R,196,USA,26,206681,,,Marozsan,R,191,HUN,23.5,6-3 6-3,5,R32,63.5,18,4,94,58,52,20,16,3,4,15,8,104,62,50,23,15,3,4,12,2840,67,823,1.3,3.5
5,Australian Open,Hard,128,G,20240119,4,126774,7,,Tsitsipas,R,193,GRE,24.4,209414,,,Van Assche L.,R,178,FRA,19,6-3 6-3,5,R32,53.7,3,1,78,55,44,11,10,5,5,2,2,93,62,41,14,10,8,10,7,4025,79,715,1.2,4.5
5,Australian Open,Hard,128,G,20240119,5,105173,20,,Mannarino,L,183,FRA,34.5,210097,16,,Shelton B.,L,193,USA,20.2,6-3 6-3,5,R32,43.9,10,0,63,34,29,19,11,0,0,7,2,59,42,33,8,10,3,4,19,1765,16,2225,3.2,1.36
5,Australian Open,Hard,128,G,20240119,6,104925,1,,Djokovic,R,188,SRB,35.7,144869,30,,Tomas Martin Etcheverry,R,196,ARG,23.4,6-3 6-3,5,R32,34.1,6,1,99,67,48,16,14,6,7,4,2,88,61,41,13,14,4,7,1,11055,32,1375,1.05,11
5,Australian Open,Hard,128,G,20240119,7,200282,10,,De Minaur,R,183,AUS,23.8,102944,,Q,Cobolli,R,175,ITA,,6-3 6-3,5,R32,135,8,4,45,27,26,11,9,1,1,3,5,60,48,31,3,8,3,6,10,2950,100,617,1.07,9
5,Australian Open,Hard,128,G,20240119,8,126094,,,Rublev,R,188,RUS,25.2,101434,29,,Korda,R,190,USA,23,6-3 6-3,5,R32,34,9,3,56,30,29,16,11,0,0,10,0,58,30,23,18,11,0,2,5,5010,26,1480,1.36,3.2
5,Australian Open,Hard,128,G,20240120,1,200175,,,Kecmanovic,R,183,SRB,23.3,104652,14,,Paul,L,180,USA,26,6-3 6-3,5,R32,104,5,3,68,41,32,14,10,2,2,4,1,48,31,24,8,9,1,3,60,890,14,2670,3.2,1.36
5,Australian Open,Hard,128,G,20240120,2,128034,9,,Hurkacz,R,196,POL,25.8,200005,21,,Humbert,L,188,FRA,24.5,6-3 6-3,5,R32,79,4,1,55,36,24,10,8,2,4,6,5,59,37,27,6,7,3,5,9,3320,20,1765,1.57,2.38
5,Australian Open,Hard,128,G,20240120,3,209070,,WC,Cazaux,R,183,FRA,20.7,134868,28,,Tallon Griekspoor,R,188,NED,27,6-3 6-3,5,R32,63.5,5,3,67,47,36,8,9,6,7,1,8,56,34,22,8,9,4,8,122,529,31,1410,2.3,1.62
5,Australian Open,Hard,128,G,20240120,4,207989,2,,Carlos Alcaraz,R,185,ESP,20.1,209992,,WC,Shang,L,180,CHN,18.5,6-3 2-4 RET,5,R32,53.7,7,2,67,35,23,15,10,6,10,0,2,73,46,24,10,10,1,7,2,8855,140,435,1.03,15
5,Australian Open,Hard,128,G,20240120,5,111815,19,,Norrie,L,188,GBR,27.3,102104,11,,Ruud,R,188,NOR,25,6-3 6-3,5,R32,43.9,3,6,100,62,39,19,14,8,12,2,4,92,56,34,16,14,7,13,22,1710,11,2910,3.2,1.36
5,Australian Open,Hard,128,G,20240120,6,132686,,,Nuno Borges,R,185,POR,26,105777,13,,Dimitrov,R,188,BUL,31.6,6-3 6-3,5,R32,135,15,2,85,52,45,16,12,0,0,7,2,97,62,47,15,12,9,9,69,814,13,2775,10,1.06
5,Australian Open,Hard,128,G,20240120,7,102446,3,,Medvedev,R,193,RUS,27,200000,27,,Auger-Aliassime,R,193,CAN,22.4,6-3 6-3,5,R32,34,3,1,27,19,15,3,4,3,3,0,0,21,12,8,3,4,1,3,3,7555,30,1425,1.17,5
5,Australian Open,Hard,128,G,20240120,8,100644,6,,Zverev,R,198,GER,25.7,210506,,,Michelsen A.,U,193,USA,18.8,6-3 6-3,5,R32,104,11,0,80,50,44,19,12,4,4,17,1,82,62,51,7,12,2,2,6,4275,91,656,1.17,5
5,Australian Open,Hard,128,G,20240121,1,104925,1,,Djokovic,R,188,SRB,35.7,105173,20,,Mannarino,L,183,FRA,34.5,6-3 6-3,5,R16,79,5,4,61,37,31,11,9,5,5,3,3,68,41,26,12,9,6,9,1,11055,19,1765,1.02,19
5,Australian Open,Hard,128,G,20240121,2,100230,,,Fritz,R,196,USA,26,126774,7,,Tsitsipas,R,193,GRE,24.4,6-3 6-3,5,R16,63.5,9,1,98,52,43,28,16,1,2,7,2,89,58,48,18,16,1,2,12,2840,7,4025,2.2,1.67
5,Australian Open,Hard,128,G,20240121,3,101441,4,,Sinner,R,188,ITA,21.3,111575,15,,Khachanov,R,198,RUS,26.6,6-3 6-3,5,R16,53.7,2,1,41,25,18,12,7,1,1,2,1,43,26,15,5,7,4,9,4,6490,15,2430,1.08,8
5,Australian Open,Hard,128,G,20240121,4,126094,,,Rublev,R,188,RUS,25.2,200282,10,,De Minaur,R,183,AUS,23.8,6-3 6-3,5,R16,43.9,20,1,94,60,45,20,15,5,6,7,2,88,59,44,10,15,2,7,5,5010,10,2950,1.73,2.1
5,Australian Open,Hard,128,G,20240122,1,102446,3,,Medvedev,R,193,RUS,27,132686,,,Nuno Borges,R,185,POR,26,6-3 6-3,5,R16,34.1,4,1,50,30,27,11,9,1,1,4,1,78,50,30,12,9,6,9,3,7555,69,814,1.04,13
5,Australian Open,Hard,128,G,20240122,2,128034,9,,Hurkacz,R,196,POL,25.8,209070,,WC,Cazaux,R,183,FRA,20.7,6-3 6-3,5,R16,135,11,1,77,49,37,18,14,2,4,12,1,79,49,36,16,14,1,4,9,3320,122,529,1.33,3.4
5,Australian Open,Hard,128,G,20240122,3,100644,6,,Zverev,R,198,GER,25.7,111815,19,,Norrie,L,188,GBR,27.3,6-3 6-3,5,R16,34,8,0,31,18,17,11,7,0,0,1,1,40,28,12,5,7,4,9,6,4275,22,1710,1.25,4
5,Australian Open,Hard,128,G,20240122,4,207989,2,,Carlos Alcaraz,R,185,ESP,20.1,200175,,,Kecmanovic,R,183,SRB,23.3,6-3 6-3,5,R16,104,7,0,91,69,53,9,16,5,8,16,2,95,58,39,21,16,4,8,2,8855,60,890,1.05,11
5,Australian Open,Hard,128,G,20240123,1,104925,1,,Djokovic,R,188,SRB,35.7,100230,,,Fritz,R,196,USA,26,6-3 6-3,5,QF,79,10,1,87,46,32,24,15,7,10,9,3,82,46,35,17,15,5,9,1,11055,12,2840,1.1,7
5,Australian Open,Hard,128,G,20240123,2,101441,4,,Sinner,R,188,ITA,21.3,126094,,,Rublev ,R,188,RUS,25.2,6-3 6-3,5,QF,63.5,12,1,61,39,27,12,9,4,5,2,1,49,33,22,4,8,2,6,4,6490,5,5010,1.2,4.5
5,Australian Open,Hard,128,G,20240124,1,102446,3,,Medvedev,R,193,RUS,27,128034,9,,Hurkacz ,R,196,POL,25.8,6-3 6-3,5,QF,53.7,8,1,86,50,37,21,14,4,5,1,5,86,52,33,16,14,3,7,3,7555,9,3320,1.4,3
5,Australian Open,Hard,128,G,20240124,2,100644,6,,Zverev,R,198,GER,25.7,207989,2,,Carlos Alcaraz,R,185,ESP,20.1,6-3 6-3,5,QF,43.9,12,1,95,72,56,12,15,8,9,11,2,87,55,44,19,15,6,8,6,4275,2,8855,4.5,1.2
5,Australian Open,Hard,128,G,20240126,1,101441,4,,Sinner,R,188,ITA,21.3,104925,1,,Djokovic,R,188,SRB,35.7,6-3 6-3,5,SF,34.1,2,2,36,20,18,11,7,1,1,2,5,48,26,14,6,7,3,8,4,6490,1,11055,2.63,1.5
5,Australian Open,Hard,128,G,20240126,2,102446,3,,Medvedev,R,193,RUS,27,100644,6,,Zverev,R,198,GER,25.7,6-3 6-3,5,SF,135,10,7,72,48,38,9,11,6,8,2,2,64,33,22,16,11,3,7,3,7555,6,4275,1.73,2.1
5,Australian Open,Hard,128,G,20240128,1,101441,4,,Sinner,R,188,ITA,21.3,102446,3,,Medvedev,R,193,RUS,27,6-3 6-3,5,F,34,2,0,48,33,21,12,7,3,3,4,4,56,31,13,11,7,2,7,4,6490,3,7555,1.36,3.25
10,Montpellier,Hard,32,A,20240130,1,208010,,Q,Llamas Ruiz,R,,ESP,21,104755,,,Gasquet,R,185,FRA,36.5,6-3 6-3,3,R32,79,10,7,72,48,38,9,11,6,8,2,2,64,33,22,16,11,3,7,156,404,130,500,2.63,1.5
10,Montpellier,Hard,32,A,20240130,2,111581,,,Mmoh,R,188,USA,26,130483,,,Bonzi,R,183,FRA,,6-3 6-3,3,R32,79,10,7,72,48,38,9,11,6,8,2,2,64,33,22,16,11,3,7,133,497,126,508,2.3,1.62
10,Montpellier,Hard,32,A,20240130,3,124186,7,,Alexandre Muller,R,183,FRA,26.1,105938,,Q,Escoffier,U,,FRA,,6-3 6-3,3,R32,79,10,7,72,48,38,9,11,6,8,2,2,64,33,22,16,11,3,7,71,768,172,354,1.44,2.75
10,Montpellier,Hard,32,A,20240130,4,124079,,,Martinez,R,185,ESP,26,144719,,,Jaume Munar,R,183,ESP,25.6,6-3 6-3,3,R32,79,10,7,72,48,38,9,11,6,8,2,2,64,33,22,16,11,3,7,99,616,75,746,1.91,1.91
10,Montpellier,Hard,32,A,20240130,5,106005,,,Lestienne,R,180,FRA,30.6,126523,,,Zapata Miralles,R,185,ESP,25.9,6-3 6-3,3,R32,63.5,10,7,72,48,38,9,11,6,8,2,2,64,33,22,16,11,3,7,106,584,80,715,1.25,4
10,Montpellier,Hard,32,A,20240130,6,102944,,,Cobolli,R,175,ITA,21,104792,8,,Monfils,R,193,FRA,36.5,6-3 6-3,3,R32,53.7,10,7,72,48,38,9,11,6,8,2,2,64,33,22,16,11,3,7,76,738,70,787,3.4,1.33
10,Montpellier,Hard,32,A,20240130,7,105332,,,Paire,R,196,FRA,34,104918,5,,Andy Murray,R,190,GBR,35.6,6-3 6-3,3,R32,43.9,10,7,72,48,38,9,11,6,8,2,2,64,33,22,16,11,3,7,112,551,49,970,3.75,1.29
10,Montpellier,Hard,32,A,20240130,8,208004,,WC,Mayot,R,178,FRA,21,106298,,WC,Pouille,R,185,FRA,29,6-3 6-3,3,R32,34.1,10,7,72,48,38,9,11,6,8,2,2,64,33,22,16,11,3,7,144,584,315,172,1.91,1.91
10,Montpellier,Hard,32,A,20240130,9,209070,,,Cazaux,R,183,FRA,20.7,109739,,,Marterer,L,191,GER,27.5,6-3 6-3,3,R32,135,10,7,72,48,38,9,11,6,8,2,2,64,33,22,16,11,3,7,83,696,92,636,1.4,3
10,Montpellier,Hard,32,A,20240130,10,207686,6,,Shevchenko A.,R,185,RUS,22.3,207494,,Q,Svrcina,R,178,CZE,21,6-3 6-3,3,R32,34,10,7,72,48,38,9,11,6,8,2,2,64,33,22,16,11,3,7,59,885,194,315,1.36,3.2
10,Montpellier,Hard,32,A,20240130,11,211640,,,Barrere,R,,FRA,,200259,,Q,Blanchet,U,,FRA,25,6-3 6-3,3,R32,104,10,7,72,48,38,9,11,6,8,2,2,64,33,22,16,11,3,7,104,591,214,287,1.53,2.5
10,Montpellier,Hard,32,A,20240130,12,133430,,,Shapovalov,L,185,CAN,23.7,110726,,,Gaston,U,,FRA,27,6-3 6-3,3,R32,79,10,7,72,48,38,9,11,6,8,2,2,64,33,22,16,11,3,7,137,480,88,684,1.8,2
10,Montpellier,Hard,32,A,20240131,1,208029,1,,Rune H.,R,185,DEN,19.7,208010,,,Llamas Ruiz,R,,ESP,21,6-3 6-3,3,R16,79,10,7,72,48,38,9,11,6,8,2,2,64,33,22,16,11,3,7,7,3685,156,404,1.14,5.5
10,Montpellier,Hard,32,A,20240131,2,111581,,,Mmoh,R,188,USA,26,124186,7,,Alexandre Muller,R,183,FRA,26.1,6-3 6-3,3,R16,79,10,7,72,48,38,9,11,6,8,2,2,64,33,22,16,11,3,7,133,497,71,768,2.1,1.73
10,Montpellier,Hard,32,A,20240131,3,106432,4,,Coric B.,R,188,CRO,26.1,124079,,,Martinez,R,185,ESP,26,6-3 6-3,3,R16,79,10,7,72,48,38,9,11,6,8,2,2,64,33,22,16,11,3,7,37,1154,99,616,1.36,3.2
10,Montpellier,Hard,32,A,20240131,4,102944,,,Cobolli,R,175,ITA,21,106005,,,Lestienne,R,180,FRA,30.6,6-3 6-3,3,R16,79,10,7,72,48,38,9,11,6,8,2,2,64,33,22,16,11,3,7,76,738,106,584,1.53,2.5
10,Montpellier,Hard,32,A,20240131,5,208004,,,Mayot,R,178,FRA,21,105332,,,Paire,R,196,FRA,34,6-3 6-3,3,R16,63.5,10,7,72,48,38,9,11,6,8,2,2,64,33,22,16,11,3,7,144,584,112,551,1.53,2.5
10,Montpellier,Hard,32,A,20240131,6,200000,3,,Auger-Aliassime,R,193,CAN,22.4,209070,,,Cazaux,R,183,FRA,20.7,6-3 6-3,3,R16,53.7,10,7,72,48,38,9,11,6,8,2,2,64,33,22,16,11,3,7,30,1345,83,696,2,1.8
10,Montpellier,Hard,32,A,20240131,7,207686,6,,Shevchenko A.,R,185,RUS,22.3,211640,,,Barrere,R,,FRA,,6-3 6-3,3,R16,43.9,10,7,72,48,38,9,11,6,8,2,2,64,33,22,16,11,3,7,59,885,104,591,1.8,2
10,Montpellier,Hard,32,A,20240131,8,122330,2,,Bublik,R,196,KAZ,25.5,133430,,,Shapovalov,L,185,CAN,23.7,6-3 6-3,3,R16,34.1,10,7,72,48,38,9,11,6,8,2,2,64,33,22,16,11,3,7,27,1459,137,480,1.73,2.1
10,Montpellier,Hard,32,A,20240201,1,208029,1,,Rune H.,R,185,DEN,19.7,111581,,,Mmoh,R,188,USA,26,6-3 6-3,3,QF,63.5,10,7,72,48,38,9,11,6,8,2,2,64,33,22,16,11,3,7,7,3685,133,497,1.14,5.5
10,Montpellier,Hard,32,A,20240201,2,106432,4,,Coric B.,R,188,CRO,26.1,102944,,,Cobolli,R,175,ITA,21,6-3 6-3,3,QF,53.7,10,7,72,48,38,9,11,6,8,2,2,64,33,22,16,11,3,7,37,1154,76,738,1.57,2.38
10,Montpellier,Hard,32,A,20240201,3,200000,3,,Auger-Aliassime,R,193,CAN,22.4,208004,,,Mayot,R,178,FRA,21,6-3 6-3,3,QF,43.9,10,7,72,48,38,9,11,6,8,2,2,64,33,22,16,11,3,7,30,1345,144,584,1.29,3.75
10,Montpellier,Hard,32,A,20240201,4,122330,2,,Bublik,R,196,KAZ,25.5,207686,6,,Shevchenko A.,R,185,RUS,22.3,6-3 6-3,3,QF,34.1,10,7,72,48,38,9,11,6,8,2,2,64,33,22,16,11,3,7,27,1459,59,885,1.5,2.63
10,Montpellier,Hard,32,A,20240202,1,122330,2,,Bublik,R,196,KAZ,25.5,200000,3,,Auger-Aliassime,R,193,CAN,22.4,6-3 6-3,3,SF,79,15,2,85,52,45,16,12,0,0,7,2,97,62,47,15,12,9,9,27,1459,30,1345,2.5,1.53
10,Montpellier,Hard,32,A,20240202,2,106432,4,,Coric B.,R,188,CRO,26.1,208029,1,,Rune H.,R,185,DEN,19.7,6-3 6-3,3,SF,79,3,1,27,19,15,3,4,3,3,0,0,21,12,8,3,4,1,3,37,1154,7,3685,2.4,1.4
10,Montpellier,Hard,32,A,20240204,1,122330,2,,Bublik,R,196,KAZ,25.5,106432,4,,Coric B.,R,188,CRO,26.1,6-3 6-3,3,F,79,3,1,27,19,15,3,4,3,3,0,0,21,12,8,3,4,1,3,27,1459,37,1154,1.9,1.9
50,Marseille,Hard,32,A,20240205,1,207518,6,,Lorenzo Musetti,R,185,ITA,21.9,109739,,,Maximilian Marterer,L,191,GER,28.5,6-3 6-3,3,R32,79,3,1,27,19,15,3,4,3,3,0,0,21,12,8,3,4,1,3,26,1480,92,636,1.53,2.5
50,Marseille,Hard,32,A,20240205,2,105138,,,Bautista Agut,R,183,ESP,34.8,104755,,,Gasquet,R,185,FRA,36.6,6-3 6-3,3,R32,34.1,10,7,72,48,38,9,11,6,8,2,2,64,33,22,16,11,3,7,102,606,130,500,1.44,2.75
50,Marseille,Hard,32,A,20240205,3,207686,,,Shevchenko A.,R,185,RUS,22.3,126127,,WC,Benjamin Bonzi,R,185,FRA,27,6-3 6-3,3,R32,63.5,10,7,72,48,38,9,11,6,8,2,2,64,33,22,16,11,3,7,59,885,126,508,1.73,2.1
2024-9158,Cordoba,Clay,32,A,20240205,4,144719,,,Jaume Munar,R,183,ESP,25.6,123755,,,Daniel Elahi Galan,R,191,COL,27.6,6-3 6-3,3,R32,63.5,10,7,72,48,38,9,11,6,8,2,2,64,33,22,16,11,3,7,74,746,79,716,1.91,1.91
2024-9158,Cordoba,Clay,32,A,20240205,5,105487,,Q,Facundo Bagnis,L,183,ARG,33,207678,,WC,Cerundolo J. M.,L,183,ARG,22,6-3 6-3,3,R32,63.5,10,7,72,48,38,9,11,6,8,2,2,64,33,22,16,11,3,7,208,295,146,435,1.8,2
2024-9158,Cordoba,Clay,32,A,20240205,6,106198,,,Hugo Dellien,R,180,BOL,30,205734,,,Thiago Seyboth Wild,R,185,BRA,24,6-3 6-3,3,R32,63.5,10,7,72,48,38,9,11,6,8,2,2,64,33,22,16,11,3,7,111,559,81,708,2.75,1.44
2024-9158,Cordoba,Clay,32,A,20240205,7,105077,,,Ramos-Vinolas,L,188,ESP,34.9,106398,,,Cachin,R,185,ARG,27.7,6-3 6-3,3,R32,63.5,10,7,72,48,38,9,11,6,8,2,2,64,33,22,16,11,3,7,86,688,72,763,2,1.8
2024-9158,Cordoba,Clay,32,A,20240206,1,106148,8,,Roberto Carballes Baena,R,183,ESP,30,208363,,WC,Navone M.,U,,ARG,,6-3 6-3,3,R32,63.5,10,7,72,48,38,9,11,6,8,2,2,64,33,22,16,11,3,7,65,846,117,538,2.3,1.62
2024-9158,Cordoba,Clay,32,A,20240206,2,126523,,,Zapata Miralles,R,185,ESP,25.9,106426,,,Garin C.,R,185,CHI,26.6,6-3 6-3,3,R32,63.5,10,7,72,48,38,9,11,6,8,2,2,64,33,22,16,11,3,7,80,715,89,680,2.3,1.62
2024-9158,Cordoba,Clay,32,A,20240206,3,105948,,,Federico Coria,R,180,ARG,30.8,127157,5,,Altmaier D.,R,191,GER,24.4,6-3 6-3,3,R32,63.5,10,7,72,48,38,9,11,6,8,2,2,64,33,22,16,11,3,7,93,638,52,946,2.5,1.53
2024-9158,Cordoba,Clay,32,A,20240206,4,105870,7,,Hanfmann Y.,R,193,GER,31.2,122669,,,Varillas J.,R,185,PER,27.2,6-3 6-3,3,R32,63.5,10,7,72,48,38,9,11,6,8,2,2,64,33,22,16,11,3,7,58,889,87,684,1.57,2.38
2024-9158,Cordoba,Clay,32,A,20240206,5,208882,,Q,Burruchaga R.A.,U,,ARG,22,106043,,,Diego Schwartzman,R,170,ARG,31,6-3 6-3,3,R32,63.5,10,7,72,48,38,9,11,6,8,2,2,64,33,22,16,11,3,7,170,359,116,538,2,1.8
2024-9158,Cordoba,Clay,32,A,20240206,6,209260,,Q,Luciano Darderi,R,,ITA,21.3,144642,,,Tomas Barrios Vera,R,191,CHI,25.1,6-3 6-3,3,R32,63.5,10,7,72,48,38,9,11,6,8,2,2,64,33,22,16,11,3,7,135,491,107,578,1.44,2.75
2024-9158,Cordoba,Clay,32,A,20240206,7,202058,,,Thiago Agustin Tirante,R,185,ARG,22.1,207681,,,Comesana F.,R,,ARG,23,6-3 6-3,3,R32,63.5,10,7,72,48,38,9,11,6,8,2,2,64,33,22,16,11,3,7,109,573,120,534,2,1.8
2024-9158,Cordoba,Clay,32,A,20240206,8,207680,,,Facundo Diaz Acosta,L,183,ARG,22.1,206732,,Q,Gomez FA,R,,ARG,,6-3 6-3,3,R32,63.5,10,7,72,48,38,9,11,6,8,2,2,64,33,22,16,11,3,7,94,634,367,132,1.3,3.5
50,Marseille,Hard,32,A,20240206,9,200384,,Q,Hugo Gaston,L,173,FRA,23,133430,,WC,Denis Shapovalov,L,185,CAN,23.8,6-3 6-3,3,R32,63.5,10,7,72,48,38,9,11,6,8,2,2,64,33,22,16,11,3,7,86,684,127,505,2.75,1.44
50,Marseille,Hard,32,A,20240206,10,200221,5,,Alejandro Davidovich Fokina,R,183,ESP,24,106296,,,Gregoire Barrere,R,183,FRA,28.9,6-3 6-3,3,R32,63.5,10,7,72,48,38,9,11,6,8,2,2,64,33,22,16,11,3,7,24,1535,105,596,1.57,2.38
50,Marseille,Hard,32,A,20240206,11,111190,,,Zhizhen Zhang,R,193,CHN,26.3,124186,,,Alexandre Muller,R,183,FRA,26.1,6-3 6-3,3,R32,63.5,10,7,72,48,38,9,11,6,8,2,2,64,33,22,16,11,3,7,50,951,72,773,2.1,1.73
50,Marseille,Hard,32,A,20240206,12,208103,8,,Jiri Lehecka,R,185,CZE,21.4,105676,,Q,David Goffin,R,180,BEL,32.3,6-3 6-3,3,R32,63.5,10,7,72,48,38,9,11,6,8,2,2,64,33,22,16,11,3,7,32,1245,134,496,1.33,3.4
50,Marseille,Hard,32,A,20240206,13,126239,,ALT,Arthur Rinderknech,R,196,FRA,27.7,202195,,Q,Maxime Cressy,R,198,USA,25.9,6-3 6-3,3,R32,63.5,10,7,72,48,38,9,11,6,8,2,2,64,33,22,16,11,3,7,94,635,128,505,2,1.8
50,Marseille,Hard,32,A,20240206,14,200624,,,Sebastian Korda,R,196,USA,22.8,126409,,Q,Hugo Grenier,R,196,FRA,27.1,6-3 6-3,3,R32,63.5,10,7,72,48,38,9,11,6,8,2,2,64,33,22,16,11,3,7,34,1220,155,411,1.2,4.5
50,Marseille,Hard,33,A,20240206,15,207830,,,Tomas Machac,R,183,CZE,22.2,104918,,,Murray A.,R,190,GBR,35.6,6-3 6-3,3,R32,63.5,10,7,72,48,38,9,11,6,8,2,2,64,33,22,16,11,3,7,66,838,49,970,3,1.4
50,Marseille,Hard,32,A,20240207,1,200000,7,,Auger-Aliassime,R,193,CAN,22.4,111460,,WC,Quentin Halys,R,191,FRA,26.2,6-3 6-3,3,R32,63.5,10,7,72,48,38,9,11,6,8,2,2,64,33,22,16,11,3,7,28,1445,101,615,1.25,4
50,Marseille,Hard,32,A,20240207,2,200325,,,Emil Ruusuvuori,R,188,FIN,24,209414,,,Van Assche L.,R,178,FRA,19,6-3 6-3,3,R32,63.5,10,7,72,48,38,9,11,6,8,2,2,64,33,22,16,11,3,7,55,926,68,814,1.36,3.2
50,Marseille,Hard,32,A,20240207,3,207830,,,Tomas Machac,R,183,CZE,22.2,207518,6,,Lorenzo Musetti,R,185,ITA,21.9,6-3 6-3,3,R32,63.5,10,7,72,48,38,9,11,6,8,2,2,64,33,22,16,11,3,7,66,838,26,1480,1.67,2.2
50,Marseille,Hard,32,A,20240207,4,200005,4,,Humbert U.,L,188,FRA,24.5,200384,,Q,Hugo Gaston,L,173,FRA,23,6-3 6-3,3,R32,63.5,10,7,72,48,38,9,11,6,8,2,2,64,33,22,16,11,3,7,21,1775,86,684,1.3,3.5
50,Marseille,Hard,32,A,20240207,5,105138,,,Bautista Agut,R,183,ESP,34.7,111575,3,,Khachanov,R,198,RUS,26.6,6-3 6-3,3,R32,63.5,10,7,72,48,38,9,11,6,8,2,2,64,33,22,16,11,3,7,102,606,18,1910,2.75,1.44
2024-9158,Cordoba,Clay,32,A,20240207,6,105077,,,Ramos-Vinolas,L,188,ESP,34.9,105948,,,Federico Coria,R,180,ARG,30.8,6-3 6-3,3,R32,63.5,10,7,72,48,38,9,11,6,8,2,2,64,33,22,16,11,3,7,86,688,93,638,2.2,1.67
2024-9158,Cordoba,Clay,32,A,20240207,7,105487,,Q,Facundo Bagnis,L,183,ARG,33,106148,8,,Roberto Carballes Baena,R,183,ESP,30,6-3 6-3,3,R32,63.5,10,7,72,48,38,9,11,6,8,2,2,64,33,22,16,11,3,7,208,295,65,846,2.3,1.62
2024-9158,Cordoba,Clay,32,A,20240207,8,202103,1,,Cerundolo F.,R,185,ARG,22,144719,,,Jaume Munar,R,183,ESP,25.6,6-3 6-3,3,R32,63.5,10,7,72,48,38,9,11,6,8,2,2,64,33,22,16,11,3,7,22,1720,74,746,1.8,2
2024-9158,Cordoba,Clay,32,A,20240207,9,144869,7,,Etcheverry T.,R,196,ARG,23.4,126523,,,Zapata Miralles,R,185,ESP,25.9,6-3 6-3,3,R32,63.5,10,7,72,48,38,9,11,6,8,2,2,64,33,22,16,11,3,7,29,1430,79,715,1.29,3.75